url,title,id
https://en.wikipedia.org/wiki/Mathematics,Mathematics,0
https://en.wikipedia.org/wiki/Mathematician,Mathematician,1
https://en.wikipedia.org/wiki/Applied_mathematics,Applied mathematics,2
https://en.wikipedia.org/wiki/Pure_mathematics,Pure mathematics,3
https://en.wikipedia.org/wiki/Recreational_mathematics,Recreational mathematics,4
https://en.wikipedia.org/wiki/Arithmetic,Arithmetic,5
https://en.wikipedia.org/wiki/Counting,Counting,6
https://en.wikipedia.org/wiki/Cardinal_number,Cardinal number,7
https://en.wikipedia.org/wiki/Tally_marks,Tally marks,8
https://en.wikipedia.org/wiki/Addition,Addition,9
https://en.wikipedia.org/wiki/Plus_and_minus_signs,Plus and minus signs,10
https://en.wikipedia.org/wiki/Subtraction,Subtraction,11
https://en.wikipedia.org/wiki/Multiplication,Multiplication,12
https://en.wikipedia.org/wiki/Multiplication_sign,Multiplication sign,13
https://en.wikipedia.org/wiki/Division_(mathematics),Division (mathematics),14
https://en.wikipedia.org/wiki/Division_sign,Division sign,15
https://en.wikipedia.org/wiki/Euclidean_algorithm,Euclidean algorithm,16
https://en.wikipedia.org/wiki/Long_division,Long division,17
https://en.wikipedia.org/wiki/Division_by_zero,Division by zero,18
https://en.wikipedia.org/wiki/Divisibility_rule,Divisibility rule,19
https://en.wikipedia.org/wiki/Fraction,Fraction,20
https://en.wikipedia.org/wiki/Percentage,Percentage,21
https://en.wikipedia.org/wiki/Percent_sign,Percent sign,22
https://en.wikipedia.org/wiki/Continued_fraction,Continued fraction,23
https://en.wikipedia.org/wiki/Egyptian_fraction,Egyptian fraction,24
https://en.wikipedia.org/wiki/Modular_arithmetic,Modular arithmetic,25
https://en.wikipedia.org/wiki/Modulo_operation,Modulo operation,26
https://en.wikipedia.org/wiki/Divisor,Divisor,27
https://en.wikipedia.org/wiki/Greatest_common_divisor,Greatest common divisor,28
https://en.wikipedia.org/wiki/Lowest_common_denominator,Lowest common denominator,29
https://en.wikipedia.org/wiki/Multiple_(mathematics),Multiple (mathematics),30
https://en.wikipedia.org/wiki/Least_common_multiple,Least common multiple,31
https://en.wikipedia.org/wiki/Number,Number,32
https://en.wikipedia.org/wiki/Natural_number,Natural number,33
https://en.wikipedia.org/wiki/Integer,Integer,34
https://en.wikipedia.org/wiki/Parity_(mathematics),Parity (mathematics),35
https://en.wikipedia.org/wiki/Real_number,Real number,36
https://en.wikipedia.org/wiki/Negative_number,Negative number,37
https://en.wikipedia.org/wiki/Sign_(mathematics),Sign (mathematics),38
https://en.wikipedia.org/wiki/Complex_number,Complex number,39
https://en.wikipedia.org/wiki/Gaussian_integer,Gaussian integer,40
https://en.wikipedia.org/wiki/Rational_number,Rational number,41
https://en.wikipedia.org/wiki/Irrational_number,Irrational number,42
https://en.wikipedia.org/wiki/Imaginary_number,Imaginary number,43
https://en.wikipedia.org/wiki/Algebraic_number,Algebraic number,44
https://en.wikipedia.org/wiki/Transcendental_number,Transcendental number,45
https://en.wikipedia.org/wiki/Constructible_number,Constructible number,46
https://en.wikipedia.org/wiki/Computable_number,Computable number,47
https://en.wikipedia.org/wiki/Normal_number,Normal number,48
https://en.wikipedia.org/wiki/Positional_notation,Positional notation,49
https://en.wikipedia.org/wiki/Numerical_digit,Numerical digit,50
https://en.wikipedia.org/wiki/Decimal,Decimal,51
https://en.wikipedia.org/wiki/Decimal_separator,Decimal separator,52
https://en.wikipedia.org/wiki/Numeral_system,Numeral system,53
https://en.wikipedia.org/wiki/Arabic_numerals,Arabic numerals,54
https://en.wikipedia.org/wiki/Roman_numerals,Roman numerals,55
https://en.wikipedia.org/wiki/Binary_number,Binary number,56
https://en.wikipedia.org/wiki/Scientific_notation,Scientific notation,57
https://en.wikipedia.org/wiki/Order_of_operations,Order of operations,58
https://en.wikipedia.org/wiki/Equation,Equation,59
https://en.wikipedia.org/wiki/Equation_solving,Equation solving,60
https://en.wikipedia.org/wiki/Polynomial,Polynomial,61
https://en.wikipedia.org/wiki/Monomial,Monomial,62
https://en.wikipedia.org/wiki/Binomial_(polynomial),Binomial (polynomial),63
https://en.wikipedia.org/wiki/Trinomial,Trinomial,64
https://en.wikipedia.org/wiki/Variable_(mathematics),Variable (mathematics),65
https://en.wikipedia.org/wiki/Constant_(mathematics),Constant (mathematics),66
https://en.wikipedia.org/wiki/Pi,Pi,67
https://en.wikipedia.org/wiki/E_(mathematical_constant),E (mathematical constant),68
https://en.wikipedia.org/wiki/Imaginary_unit,Imaginary unit,69
https://en.wikipedia.org/wiki/Golden_ratio,Golden ratio,70
https://en.wikipedia.org/wiki/%E2%88%921,−1,71
https://en.wikipedia.org/wiki/0,0,72
https://en.wikipedia.org/wiki/1,1,73
https://en.wikipedia.org/wiki/2,2,74
https://en.wikipedia.org/wiki/3,3,75
https://en.wikipedia.org/wiki/4,4,76
https://en.wikipedia.org/wiki/5,5,77
https://en.wikipedia.org/wiki/6,6,78
https://en.wikipedia.org/wiki/7,7,79
https://en.wikipedia.org/wiki/8,8,80
https://en.wikipedia.org/wiki/9,9,81
https://en.wikipedia.org/wiki/10,10,82
https://en.wikipedia.org/wiki/Square_root_of_2,Square root of 2,83
https://en.wikipedia.org/wiki/Euler%E2%80%93Mascheroni_constant,Euler–Mascheroni constant,84
https://en.wikipedia.org/wiki/Feigenbaum_constants,Feigenbaum constants,85
https://en.wikipedia.org/wiki/Mathematical_proof,Mathematical proof,86
https://en.wikipedia.org/wiki/Formula,Formula,87
https://en.wikipedia.org/wiki/Identity_(mathematics),Identity (mathematics),88
https://en.wikipedia.org/wiki/Theorem,Theorem,89
https://en.wikipedia.org/wiki/Corollary,Corollary,90
https://en.wikipedia.org/wiki/Lemma_(mathematics),Lemma (mathematics),91
https://en.wikipedia.org/wiki/Porism,Porism,92
https://en.wikipedia.org/wiki/Conjecture,Conjecture,93
https://en.wikipedia.org/wiki/Mathematical_problem,Mathematical problem,94
https://en.wikipedia.org/wiki/Hilbert%27s_problems,Hilbert's problems,95
https://en.wikipedia.org/wiki/Mathematical_puzzle,Mathematical puzzle,96
https://en.wikipedia.org/wiki/Function_(mathematics),Function (mathematics),97
https://en.wikipedia.org/wiki/Algebraic_function,Algebraic function,98
https://en.wikipedia.org/wiki/Function_of_a_real_variable,Function of a real variable,99
https://en.wikipedia.org/wiki/Function_of_several_real_variables,Function of several real variables,100
https://en.wikipedia.org/wiki/Arithmetic_function,Arithmetic function,101
https://en.wikipedia.org/wiki/Additive_function,Additive function,102
https://en.wikipedia.org/wiki/Multiplicative_function,Multiplicative function,103
https://en.wikipedia.org/wiki/Inverse_function,Inverse function,104
https://en.wikipedia.org/wiki/Implicit_function,Implicit function,105
https://en.wikipedia.org/wiki/Function_composition,Function composition,106
https://en.wikipedia.org/wiki/Graph_of_a_function,Graph of a function,107
https://en.wikipedia.org/wiki/Parametric_equation,Parametric equation,108
https://en.wikipedia.org/wiki/Even_and_odd_functions,Even and odd functions,109
https://en.wikipedia.org/wiki/Piecewise,Piecewise,110
"https://en.wikipedia.org/wiki/Bijection,_injection_and_surjection","Bijection, injection and surjection",111
https://en.wikipedia.org/wiki/Injective_function,Injective function,112
https://en.wikipedia.org/wiki/Surjective_function,Surjective function,113
https://en.wikipedia.org/wiki/Bijection,Bijection,114
https://en.wikipedia.org/wiki/Domain_of_a_function,Domain of a function,115
https://en.wikipedia.org/wiki/Range_of_a_function,Range of a function,116
https://en.wikipedia.org/wiki/Zero_of_a_function,Zero of a function,117
https://en.wikipedia.org/wiki/Fixed_point_(mathematics),Fixed point (mathematics),118
https://en.wikipedia.org/wiki/Critical_point_(mathematics),Critical point (mathematics),119
https://en.wikipedia.org/wiki/Stationary_point,Stationary point,120
https://en.wikipedia.org/wiki/Maxima_and_minima,Maxima and minima,121
https://en.wikipedia.org/wiki/Saddle_point,Saddle point,122
https://en.wikipedia.org/wiki/Inflection_point,Inflection point,123
https://en.wikipedia.org/wiki/Limit_of_a_function,Limit of a function,124
https://en.wikipedia.org/wiki/Multivalued_function,Multivalued function,125
https://en.wikipedia.org/wiki/Partial_function,Partial function,126
https://en.wikipedia.org/wiki/Reflection_(mathematics),Reflection (mathematics),127
https://en.wikipedia.org/wiki/Rotation_(mathematics),Rotation (mathematics),128
https://en.wikipedia.org/wiki/Scaling_(geometry),Scaling (geometry),129
https://en.wikipedia.org/wiki/Bounded_function,Bounded function,130
https://en.wikipedia.org/wiki/Vector-valued_function,Vector-valued function,131
https://en.wikipedia.org/wiki/Real-valued_function,Real-valued function,132
https://en.wikipedia.org/wiki/Complex_analysis,Complex analysis,916
https://en.wikipedia.org/wiki/Analytic_function,Analytic function,134
https://en.wikipedia.org/wiki/Entire_function,Entire function,135
https://en.wikipedia.org/wiki/Elliptic_function,Elliptic function,136
https://en.wikipedia.org/wiki/Periodic_function,Periodic function,137
https://en.wikipedia.org/wiki/Curvature,Curvature,138
https://en.wikipedia.org/wiki/Elementary_function,Elementary function,139
https://en.wikipedia.org/wiki/Rational_function,Rational function,140
https://en.wikipedia.org/wiki/Linear_function_(calculus),Linear function (calculus),141
https://en.wikipedia.org/wiki/Negation,Negation,142
https://en.wikipedia.org/wiki/Constant_function,Constant function,143
https://en.wikipedia.org/wiki/Identity_function,Identity function,144
https://en.wikipedia.org/wiki/Quadratic_function,Quadratic function,145
https://en.wikipedia.org/wiki/Square_(algebra),Square (algebra),146
https://en.wikipedia.org/wiki/Cubic_function,Cubic function,147
https://en.wikipedia.org/wiki/Exponentiation,Exponentiation,148
https://en.wikipedia.org/wiki/Exponential_function,Exponential function,149
https://en.wikipedia.org/wiki/Exponential_growth,Exponential growth,150
https://en.wikipedia.org/wiki/Gaussian_function,Gaussian function,151
https://en.wikipedia.org/wiki/Knuth%27s_up-arrow_notation,Knuth's up-arrow notation,152
https://en.wikipedia.org/wiki/Logarithm,Logarithm,153
https://en.wikipedia.org/wiki/Common_logarithm,Common logarithm,154
https://en.wikipedia.org/wiki/Natural_logarithm,Natural logarithm,155
https://en.wikipedia.org/wiki/Binary_logarithm,Binary logarithm,156
https://en.wikipedia.org/wiki/Complex_logarithm,Complex logarithm,157
https://en.wikipedia.org/wiki/Nth_root,Nth root,158
https://en.wikipedia.org/wiki/Square_root,Square root,159
https://en.wikipedia.org/wiki/Cube_root,Cube root,160
https://en.wikipedia.org/wiki/Trigonometric_functions,Trigonometric functions,161
https://en.wikipedia.org/wiki/Sine,Sine,162
https://en.wikipedia.org/wiki/Inverse_trigonometric_functions,Inverse trigonometric functions,163
https://en.wikipedia.org/wiki/Hyperbolic_functions,Hyperbolic functions,164
https://en.wikipedia.org/wiki/Inverse_hyperbolic_functions,Inverse hyperbolic functions,165
https://en.wikipedia.org/wiki/Bessel_function,Bessel function,166
https://en.wikipedia.org/wiki/Floor_and_ceiling_functions,Floor and ceiling functions,167
https://en.wikipedia.org/wiki/Gamma_function,Gamma function,168
https://en.wikipedia.org/wiki/Factorial,Factorial,169
https://en.wikipedia.org/wiki/Stirling%27s_approximation,Stirling's approximation,170
https://en.wikipedia.org/wiki/Prime-counting_function,Prime-counting function,171
https://en.wikipedia.org/wiki/Euler%27s_totient_function,Euler's totient function,172
https://en.wikipedia.org/wiki/M%C3%B6bius_function,Möbius function,173
https://en.wikipedia.org/wiki/Riemann_zeta_function,Riemann zeta function,174
https://en.wikipedia.org/wiki/Weierstrass_function,Weierstrass function,175
https://en.wikipedia.org/wiki/Error_function,Error function,176
https://en.wikipedia.org/wiki/Step_function,Step function,177
https://en.wikipedia.org/wiki/Heaviside_step_function,Heaviside step function,178
https://en.wikipedia.org/wiki/Rectangular_function,Rectangular function,179
https://en.wikipedia.org/wiki/Sign_function,Sign function,180
https://en.wikipedia.org/wiki/Dirac_delta_function,Dirac delta function,181
https://en.wikipedia.org/wiki/Kronecker_delta,Kronecker delta,182
https://en.wikipedia.org/wiki/Absolute_value,Absolute value,183
https://en.wikipedia.org/wiki/Lambert_W_function,Lambert W function,184
https://en.wikipedia.org/wiki/Exponential_integral,Exponential integral,185
https://en.wikipedia.org/wiki/Geometry,Geometry,186
https://en.wikipedia.org/wiki/Coordinate_system,Coordinate system,187
https://en.wikipedia.org/wiki/Cartesian_coordinate_system,Cartesian coordinate system,188
https://en.wikipedia.org/wiki/Cylindrical_coordinate_system,Cylindrical coordinate system,189
https://en.wikipedia.org/wiki/Polar_coordinate_system,Polar coordinate system,190
https://en.wikipedia.org/wiki/Spherical_coordinate_system,Spherical coordinate system,191
https://en.wikipedia.org/wiki/Dimension,Dimension,192
https://en.wikipedia.org/wiki/Zero-dimensional_space,Zero-dimensional space,193
https://en.wikipedia.org/wiki/Point_(geometry),Point (geometry),194
https://en.wikipedia.org/wiki/One-dimensional_space,One-dimensional space,195
https://en.wikipedia.org/wiki/Line_(geometry),Line (geometry),196
https://en.wikipedia.org/wiki/Curve,Curve,197
https://en.wikipedia.org/wiki/Two-dimensional_space,Two-dimensional space,198
https://en.wikipedia.org/wiki/Plane_(geometry),Plane (geometry),199
https://en.wikipedia.org/wiki/Coplanarity,Coplanarity,200
https://en.wikipedia.org/wiki/Angle,Angle,201
https://en.wikipedia.org/wiki/Right_angle,Right angle,202
https://en.wikipedia.org/wiki/Dihedral_angle,Dihedral angle,203
https://en.wikipedia.org/wiki/Internal_and_external_angles,Internal and external angles,204
https://en.wikipedia.org/wiki/Polygon,Polygon,205
https://en.wikipedia.org/wiki/Triangle,Triangle,206
https://en.wikipedia.org/wiki/Equilateral_triangle,Equilateral triangle,207
https://en.wikipedia.org/wiki/Isosceles_triangle,Isosceles triangle,208
https://en.wikipedia.org/wiki/Right_triangle,Right triangle,209
https://en.wikipedia.org/wiki/Quadrilateral,Quadrilateral,210
https://en.wikipedia.org/wiki/Square,Square,211
https://en.wikipedia.org/wiki/Rectangle,Rectangle,212
https://en.wikipedia.org/wiki/Parallelogram,Parallelogram,213
https://en.wikipedia.org/wiki/Rhombus,Rhombus,214
https://en.wikipedia.org/wiki/Trapezoid,Trapezoid,215
https://en.wikipedia.org/wiki/Pentagon,Pentagon,216
https://en.wikipedia.org/wiki/Hexagon,Hexagon,217
https://en.wikipedia.org/wiki/Octagon,Octagon,218
https://en.wikipedia.org/wiki/Decagon,Decagon,219
https://en.wikipedia.org/wiki/Regular_polygon,Regular polygon,220
https://en.wikipedia.org/wiki/Conic_section,Conic section,221
https://en.wikipedia.org/wiki/Circle,Circle,222
https://en.wikipedia.org/wiki/Ellipse,Ellipse,223
https://en.wikipedia.org/wiki/Parabola,Parabola,224
https://en.wikipedia.org/wiki/Hyperbola,Hyperbola,225
https://en.wikipedia.org/wiki/Cardioid,Cardioid,226
https://en.wikipedia.org/wiki/Cycloid,Cycloid,227
https://en.wikipedia.org/wiki/Brachistochrone_curve,Brachistochrone curve,228
https://en.wikipedia.org/wiki/Lemniscate,Lemniscate,229
https://en.wikipedia.org/wiki/Elliptic_curve,Elliptic curve,230
https://en.wikipedia.org/wiki/Catenary,Catenary,231
https://en.wikipedia.org/wiki/Parallel_(geometry),Parallel (geometry),232
https://en.wikipedia.org/wiki/Perpendicular,Perpendicular,233
https://en.wikipedia.org/wiki/Line%E2%80%93line_intersection,Line–line intersection,234
https://en.wikipedia.org/wiki/Three-dimensional_space,Three-dimensional space,235
https://en.wikipedia.org/wiki/Solid_geometry,Solid geometry,236
https://en.wikipedia.org/wiki/Shape,Shape,237
https://en.wikipedia.org/wiki/Size,Size,238
https://en.wikipedia.org/wiki/Surface_(mathematics),Surface (mathematics),239
https://en.wikipedia.org/wiki/Cone,Cone,240
https://en.wikipedia.org/wiki/Cylinder,Cylinder,241
https://en.wikipedia.org/wiki/Sphere,Sphere,242
https://en.wikipedia.org/wiki/Polyhedron,Polyhedron,243
https://en.wikipedia.org/wiki/Regular_polyhedron,Regular polyhedron,244
https://en.wikipedia.org/wiki/Platonic_solid,Platonic solid,245
https://en.wikipedia.org/wiki/Cube,Cube,246
https://en.wikipedia.org/wiki/Pyramid_(geometry),Pyramid (geometry),247
https://en.wikipedia.org/wiki/Tetrahedron,Tetrahedron,248
https://en.wikipedia.org/wiki/Octahedron,Octahedron,249
https://en.wikipedia.org/wiki/Dodecahedron,Dodecahedron,250
https://en.wikipedia.org/wiki/Regular_dodecahedron,Regular dodecahedron,251
https://en.wikipedia.org/wiki/Icosahedron,Icosahedron,252
https://en.wikipedia.org/wiki/Regular_icosahedron,Regular icosahedron,253
https://en.wikipedia.org/wiki/Prism_(geometry),Prism (geometry),254
https://en.wikipedia.org/wiki/Solid_angle,Solid angle,255
https://en.wikipedia.org/wiki/Skew_lines,Skew lines,256
https://en.wikipedia.org/wiki/Four-dimensional_space,Four-dimensional space,257
https://en.wikipedia.org/wiki/Rotations_in_4-dimensional_Euclidean_space,Rotations in 4-dimensional Euclidean space,258
https://en.wikipedia.org/wiki/5-cell,5-cell,259
https://en.wikipedia.org/wiki/Tesseract,Tesseract,260
https://en.wikipedia.org/wiki/16-cell,16-cell,261
https://en.wikipedia.org/wiki/24-cell,24-cell,262
https://en.wikipedia.org/wiki/120-cell,120-cell,263
https://en.wikipedia.org/wiki/600-cell,600-cell,264
https://en.wikipedia.org/wiki/Trigonometry,Trigonometry,265
https://en.wikipedia.org/wiki/Law_of_cosines,Law of cosines,266
https://en.wikipedia.org/wiki/Law_of_sines,Law of sines,267
https://en.wikipedia.org/wiki/Unit_circle,Unit circle,268
https://en.wikipedia.org/wiki/Topology,Topology,269
https://en.wikipedia.org/wiki/General_topology,General topology,270
https://en.wikipedia.org/wiki/Topological_space,Topological space,271
https://en.wikipedia.org/wiki/Compact_space,Compact space,272
https://en.wikipedia.org/wiki/Manifold,Manifold,273
https://en.wikipedia.org/wiki/Open_set,Open set,274
https://en.wikipedia.org/wiki/Homology_(mathematics),Homology (mathematics),275
https://en.wikipedia.org/wiki/Homotopy,Homotopy,276
https://en.wikipedia.org/wiki/Euler_characteristic,Euler characteristic,277
https://en.wikipedia.org/wiki/Knot_theory,Knot theory,278
https://en.wikipedia.org/wiki/Poincar%C3%A9_conjecture,Poincaré conjecture,279
https://en.wikipedia.org/wiki/Winding_number,Winding number,280
https://en.wikipedia.org/wiki/Area,Area,281
https://en.wikipedia.org/wiki/Surface_area,Surface area,282
https://en.wikipedia.org/wiki/Volume,Volume,283
https://en.wikipedia.org/wiki/Length,Length,284
https://en.wikipedia.org/wiki/Height,Height,285
https://en.wikipedia.org/wiki/Distance,Distance,286
https://en.wikipedia.org/wiki/Metric_space,Metric space,287
https://en.wikipedia.org/wiki/Euclidean_geometry,Euclidean geometry,288
https://en.wikipedia.org/wiki/Euclidean_space,Euclidean space,289
https://en.wikipedia.org/wiki/Convex_set,Convex set,290
https://en.wikipedia.org/wiki/Pythagorean_theorem,Pythagorean theorem,291
https://en.wikipedia.org/wiki/Squaring_the_circle,Squaring the circle,292
https://en.wikipedia.org/wiki/Non-Euclidean_geometry,Non-Euclidean geometry,293
https://en.wikipedia.org/wiki/Elliptic_geometry,Elliptic geometry,294
https://en.wikipedia.org/wiki/Spherical_geometry,Spherical geometry,295
https://en.wikipedia.org/wiki/Hyperbolic_geometry,Hyperbolic geometry,296
https://en.wikipedia.org/wiki/Hyperbolic_triangle,Hyperbolic triangle,297
https://en.wikipedia.org/wiki/Bisection,Bisection,298
https://en.wikipedia.org/wiki/Lattice_(group),Lattice (group),299
https://en.wikipedia.org/wiki/Minkowski%27s_theorem,Minkowski's theorem,300
https://en.wikipedia.org/wiki/Locus_(mathematics),Locus (mathematics),301
https://en.wikipedia.org/wiki/Field_line,Field line,302
https://en.wikipedia.org/wiki/Symmetry,Symmetry,303
https://en.wikipedia.org/wiki/Symmetry_in_mathematics,Symmetry in mathematics,304
https://en.wikipedia.org/wiki/Analytic_geometry,Analytic geometry,305
https://en.wikipedia.org/wiki/Differential_geometry,Differential geometry,306
https://en.wikipedia.org/wiki/Riemannian_geometry,Riemannian geometry,307
https://en.wikipedia.org/wiki/Systolic_geometry,Systolic geometry,308
https://en.wikipedia.org/wiki/Fractal,Fractal,309
https://en.wikipedia.org/wiki/Cantor_set,Cantor set,310
https://en.wikipedia.org/wiki/Julia_set,Julia set,311
https://en.wikipedia.org/wiki/Koch_snowflake,Koch snowflake,312
https://en.wikipedia.org/wiki/Mandelbrot_set,Mandelbrot set,313
https://en.wikipedia.org/wiki/Sierpi%C5%84ski_triangle,Sierpiński triangle,314
https://en.wikipedia.org/wiki/Tensor,Tensor,315
https://en.wikipedia.org/wiki/Tessellation,Tessellation,316
https://en.wikipedia.org/wiki/Algebra,Algebra,317
https://en.wikipedia.org/wiki/Algebraic_expression,Algebraic expression,318
https://en.wikipedia.org/wiki/Elementary_algebra,Elementary algebra,319
https://en.wikipedia.org/wiki/Algebraic_equation,Algebraic equation,320
https://en.wikipedia.org/wiki/Quadratic_equation,Quadratic equation,321
https://en.wikipedia.org/wiki/Quadratic_formula,Quadratic formula,322
https://en.wikipedia.org/wiki/Binomial_theorem,Binomial theorem,323
https://en.wikipedia.org/wiki/Linear_algebra,Linear algebra,324
https://en.wikipedia.org/wiki/Linear_map,Linear map,325
https://en.wikipedia.org/wiki/Linear_equation,Linear equation,326
https://en.wikipedia.org/wiki/System_of_linear_equations,System of linear equations,327
https://en.wikipedia.org/wiki/Gaussian_elimination,Gaussian elimination,328
https://en.wikipedia.org/wiki/Jacobi_method,Jacobi method,329
https://en.wikipedia.org/wiki/Gauss%E2%80%93Seidel_method,Gauss–Seidel method,330
https://en.wikipedia.org/wiki/Cramer%27s_rule,Cramer's rule,331
https://en.wikipedia.org/wiki/Successive_over-relaxation,Successive over-relaxation,332
https://en.wikipedia.org/wiki/LU_decomposition,LU decomposition,333
https://en.wikipedia.org/wiki/Matrix_(mathematics),Matrix (mathematics),334
https://en.wikipedia.org/wiki/Matrix_addition,Matrix addition,335
https://en.wikipedia.org/wiki/Matrix_multiplication,Matrix multiplication,336
https://en.wikipedia.org/wiki/Transpose,Transpose,337
https://en.wikipedia.org/wiki/Determinant,Determinant,338
https://en.wikipedia.org/wiki/Eigenvalues_and_eigenvectors,Eigenvalues and eigenvectors,339
https://en.wikipedia.org/wiki/Rank_(linear_algebra),Rank (linear algebra),340
https://en.wikipedia.org/wiki/Vector_space,Vector space,341
https://en.wikipedia.org/wiki/Euclidean_vector,Euclidean vector,342
https://en.wikipedia.org/wiki/Magnitude_(mathematics),Magnitude (mathematics),343
https://en.wikipedia.org/wiki/Cross_product,Cross product,344
https://en.wikipedia.org/wiki/Dot_product,Dot product,345
https://en.wikipedia.org/wiki/Inner_product_space,Inner product space,346
https://en.wikipedia.org/wiki/Banach_space,Banach space,347
https://en.wikipedia.org/wiki/Abstract_algebra,Abstract algebra,348
https://en.wikipedia.org/wiki/Algebraic_topology,Algebraic topology,349
https://en.wikipedia.org/wiki/Sheaf_(mathematics),Sheaf (mathematics),350
https://en.wikipedia.org/wiki/Associative_property,Associative property,351
https://en.wikipedia.org/wiki/Commutative_algebra,Commutative algebra,352
https://en.wikipedia.org/wiki/Commutative_property,Commutative property,353
https://en.wikipedia.org/wiki/Distributive_property,Distributive property,354
https://en.wikipedia.org/wiki/Field_(mathematics),Field (mathematics),355
https://en.wikipedia.org/wiki/Finite_field,Finite field,356
https://en.wikipedia.org/wiki/Field_extension,Field extension,357
https://en.wikipedia.org/wiki/Fundamental_theorem_of_algebra,Fundamental theorem of algebra,358
https://en.wikipedia.org/wiki/Galois_theory,Galois theory,359
https://en.wikipedia.org/wiki/Group_(mathematics),Group (mathematics),360
https://en.wikipedia.org/wiki/Abelian_group,Abelian group,361
https://en.wikipedia.org/wiki/Classification_of_finite_simple_groups,Classification of finite simple groups,362
https://en.wikipedia.org/wiki/Fundamental_group,Fundamental group,363
https://en.wikipedia.org/wiki/Galois_group,Galois group,364
https://en.wikipedia.org/wiki/Group_representation,Group representation,365
https://en.wikipedia.org/wiki/Group_theory,Group theory,366
https://en.wikipedia.org/wiki/Modular_group,Modular group,367
https://en.wikipedia.org/wiki/Homological_algebra,Homological algebra,368
https://en.wikipedia.org/wiki/Isomorphism,Isomorphism,369
https://en.wikipedia.org/wiki/Module_(mathematics),Module (mathematics),370
https://en.wikipedia.org/wiki/Multiplicative_inverse,Multiplicative inverse,371
https://en.wikipedia.org/wiki/Representation_theory,Representation theory,372
https://en.wikipedia.org/wiki/Ring_theory,Ring theory,373
https://en.wikipedia.org/wiki/Commutative_ring,Commutative ring,374
https://en.wikipedia.org/wiki/Polynomial_ring,Polynomial ring,375
https://en.wikipedia.org/wiki/Ring_(mathematics),Ring (mathematics),376
https://en.wikipedia.org/wiki/Affine_space,Affine space,377
https://en.wikipedia.org/wiki/Algebraic_geometry,Algebraic geometry,378
https://en.wikipedia.org/wiki/Algebraic_variety,Algebraic variety,379
https://en.wikipedia.org/wiki/Exterior_algebra,Exterior algebra,380
https://en.wikipedia.org/wiki/Moduli_space,Moduli space,381
https://en.wikipedia.org/wiki/Quantum_cohomology,Quantum cohomology,382
https://en.wikipedia.org/wiki/Inequality_(mathematics),Inequality (mathematics),383
https://en.wikipedia.org/wiki/Cauchy%E2%80%93Schwarz_inequality,Cauchy–Schwarz inequality,384
https://en.wikipedia.org/wiki/H%C3%B6lder%27s_inequality,Hölder's inequality,385
https://en.wikipedia.org/wiki/Jensen%27s_inequality,Jensen's inequality,386
https://en.wikipedia.org/wiki/Resultant,Resultant,387
https://en.wikipedia.org/wiki/Statistics,Statistics,388
https://en.wikipedia.org/wiki/Bayesian_inference,Bayesian inference,389
https://en.wikipedia.org/wiki/Maximum_a_posteriori_estimation,Maximum a posteriori estimation,390
https://en.wikipedia.org/wiki/Bayesian_statistics,Bayesian statistics,391
https://en.wikipedia.org/wiki/Credible_interval,Credible interval,392
https://en.wikipedia.org/wiki/Posterior_probability,Posterior probability,393
https://en.wikipedia.org/wiki/Prior_probability,Prior probability,394
https://en.wikipedia.org/wiki/Confidence_interval,Confidence interval,395
https://en.wikipedia.org/wiki/Correlation_and_dependence,Correlation and dependence,396
https://en.wikipedia.org/wiki/Regression_analysis,Regression analysis,397
https://en.wikipedia.org/wiki/Ordinary_least_squares,Ordinary least squares,398
https://en.wikipedia.org/wiki/Linear_regression,Linear regression,399
https://en.wikipedia.org/wiki/Logistic_regression,Logistic regression,400
https://en.wikipedia.org/wiki/Data_visualization,Data visualization,401
https://en.wikipedia.org/wiki/Design_of_experiments,Design of experiments,402
https://en.wikipedia.org/wiki/Randomized_controlled_trial,Randomized controlled trial,403
https://en.wikipedia.org/wiki/One-factor-at-a-time_method,One-factor-at-a-time method,404
https://en.wikipedia.org/wiki/Factorial_experiment,Factorial experiment,405
https://en.wikipedia.org/wiki/Fractional_factorial_design,Fractional factorial design,406
https://en.wikipedia.org/wiki/A/B_testing,A/B testing,407
https://en.wikipedia.org/wiki/Frequentist_inference,Frequentist inference,408
https://en.wikipedia.org/wiki/Mean,Mean,409
https://en.wikipedia.org/wiki/Arithmetic_mean,Arithmetic mean,410
https://en.wikipedia.org/wiki/Geometric_mean,Geometric mean,411
https://en.wikipedia.org/wiki/Harmonic_mean,Harmonic mean,412
https://en.wikipedia.org/wiki/Maximum_likelihood_estimation,Maximum likelihood estimation,413
https://en.wikipedia.org/wiki/Expectation%E2%80%93maximization_algorithm,Expectation–maximization algorithm,414
https://en.wikipedia.org/wiki/Median,Median,415
https://en.wikipedia.org/wiki/Meta-analysis,Meta-analysis,416
https://en.wikipedia.org/wiki/Mode_(statistics),Mode (statistics),417
https://en.wikipedia.org/wiki/Observational_study,Observational study,418
https://en.wikipedia.org/wiki/Sample_mean_and_covariance,Sample mean and covariance,419
https://en.wikipedia.org/wiki/Standard_deviation,Standard deviation,420
https://en.wikipedia.org/wiki/Standard_error,Standard error,421
https://en.wikipedia.org/wiki/Statistical_hypothesis_testing,Statistical hypothesis testing,422
https://en.wikipedia.org/wiki/P-value,P-value,423
https://en.wikipedia.org/wiki/Statistical_significance,Statistical significance,424
https://en.wikipedia.org/wiki/Chi-squared_test,Chi-squared test,425
https://en.wikipedia.org/wiki/Student%27s_t-test,Student's t-test,426
https://en.wikipedia.org/wiki/Survey_methodology,Survey methodology,427
https://en.wikipedia.org/wiki/Statistical_population,Statistical population,428
https://en.wikipedia.org/wiki/Sampling_(statistics),Sampling (statistics),429
https://en.wikipedia.org/wiki/Monte_Carlo_method,Monte Carlo method,430
https://en.wikipedia.org/wiki/Type_I_and_type_II_errors,Type I and type II errors,431
https://en.wikipedia.org/wiki/Analysis_of_variance,Analysis of variance,432
https://en.wikipedia.org/wiki/Probability,Probability,433
https://en.wikipedia.org/wiki/Probability_theory,Probability theory,434
https://en.wikipedia.org/wiki/Probability_space,Probability space,435
https://en.wikipedia.org/wiki/Bayes%27_theorem,Bayes' theorem,436
https://en.wikipedia.org/wiki/Central_limit_theorem,Central limit theorem,437
https://en.wikipedia.org/wiki/Covariance,Covariance,438
https://en.wikipedia.org/wiki/Law_of_large_numbers,Law of large numbers,439
https://en.wikipedia.org/wiki/Moment_(mathematics),Moment (mathematics),440
https://en.wikipedia.org/wiki/Expected_value,Expected value,441
https://en.wikipedia.org/wiki/Variance,Variance,442
https://en.wikipedia.org/wiki/Skewness,Skewness,443
https://en.wikipedia.org/wiki/Kurtosis,Kurtosis,444
https://en.wikipedia.org/wiki/Moment-generating_function,Moment-generating function,445
https://en.wikipedia.org/wiki/Probability_distribution,Probability distribution,446
https://en.wikipedia.org/wiki/Cumulative_distribution_function,Cumulative distribution function,447
https://en.wikipedia.org/wiki/Probability_density_function,Probability density function,448
https://en.wikipedia.org/wiki/Chi-square_distribution,Chi-square distribution,449
https://en.wikipedia.org/wiki/Continuous_uniform_distribution,Continuous uniform distribution,450
https://en.wikipedia.org/wiki/Exponential_distribution,Exponential distribution,451
https://en.wikipedia.org/wiki/Normal_distribution,Normal distribution,452
https://en.wikipedia.org/wiki/Probability_mass_function,Probability mass function,453
https://en.wikipedia.org/wiki/Binomial_distribution,Binomial distribution,454
https://en.wikipedia.org/wiki/Discrete_uniform_distribution,Discrete uniform distribution,455
https://en.wikipedia.org/wiki/Geometric_distribution,Geometric distribution,456
https://en.wikipedia.org/wiki/Poisson_distribution,Poisson distribution,457
https://en.wikipedia.org/wiki/Random_variable,Random variable,458
https://en.wikipedia.org/wiki/Stochastic_process,Stochastic process,459
https://en.wikipedia.org/wiki/Markov_chain,Markov chain,460
https://en.wikipedia.org/wiki/Viterbi_algorithm,Viterbi algorithm,461
https://en.wikipedia.org/wiki/Poisson_point_process,Poisson point process,462
https://en.wikipedia.org/wiki/Wiener_process,Wiener process,463
https://en.wikipedia.org/wiki/Monty_Hall_problem,Monty Hall problem,464
https://en.wikipedia.org/wiki/Foundations_of_mathematics,Foundations of mathematics,465
https://en.wikipedia.org/wiki/Mathematical_logic,Mathematical logic,466
https://en.wikipedia.org/wiki/Axiom,Axiom,467
https://en.wikipedia.org/wiki/Axiom_schema,Axiom schema,468
https://en.wikipedia.org/wiki/Rule_of_inference,Rule of inference,469
https://en.wikipedia.org/wiki/Well-formed_formula,Well-formed formula,470
https://en.wikipedia.org/wiki/Atomic_formula,Atomic formula,471
https://en.wikipedia.org/wiki/Propositional_calculus,Propositional calculus,472
https://en.wikipedia.org/wiki/Boolean_algebra,Boolean algebra,473
https://en.wikipedia.org/wiki/Karnaugh_map,Karnaugh map,474
https://en.wikipedia.org/wiki/Truth_table,Truth table,475
https://en.wikipedia.org/wiki/Logical_connective,Logical connective,476
https://en.wikipedia.org/wiki/Material_conditional,Material conditional,477
https://en.wikipedia.org/wiki/Sheffer_stroke,Sheffer stroke,478
https://en.wikipedia.org/wiki/Contraposition,Contraposition,479
https://en.wikipedia.org/wiki/If_and_only_if,If and only if,480
https://en.wikipedia.org/wiki/Modus_ponens,Modus ponens,481
https://en.wikipedia.org/wiki/Modus_tollens,Modus tollens,482
https://en.wikipedia.org/wiki/Principle_of_explosion,Principle of explosion,483
https://en.wikipedia.org/wiki/Proof_by_contradiction,Proof by contradiction,484
https://en.wikipedia.org/wiki/First-order_logic,First-order logic,485
https://en.wikipedia.org/wiki/Free_variables_and_bound_variables,Free variables and bound variables,486
https://en.wikipedia.org/wiki/Quantifier_(logic),Quantifier (logic),487
https://en.wikipedia.org/wiki/Existential_quantification,Existential quantification,488
https://en.wikipedia.org/wiki/Universal_quantification,Universal quantification,489
https://en.wikipedia.org/wiki/Prenex_normal_form,Prenex normal form,490
https://en.wikipedia.org/wiki/Skolem_normal_form,Skolem normal form,491
https://en.wikipedia.org/wiki/Arithmetical_hierarchy,Arithmetical hierarchy,492
https://en.wikipedia.org/wiki/Analytical_hierarchy,Analytical hierarchy,493
https://en.wikipedia.org/wiki/Post%27s_theorem,Post's theorem,494
https://en.wikipedia.org/wiki/Higher-order_logic,Higher-order logic,495
https://en.wikipedia.org/wiki/Intuitionistic_logic,Intuitionistic logic,496
https://en.wikipedia.org/wiki/Type_theory,Type theory,497
https://en.wikipedia.org/wiki/Set_theory,Set theory,498
https://en.wikipedia.org/wiki/Naive_set_theory,Naive set theory,499
https://en.wikipedia.org/wiki/Russell%27s_paradox,Russell's paradox,500
https://en.wikipedia.org/wiki/Venn_diagram,Venn diagram,501
https://en.wikipedia.org/wiki/Set_(mathematics),Set (mathematics),502
https://en.wikipedia.org/wiki/Complement_(set_theory),Complement (set theory),503
https://en.wikipedia.org/wiki/Element_(mathematics),Element (mathematics),504
https://en.wikipedia.org/wiki/Empty_set,Empty set,505
https://en.wikipedia.org/wiki/Intersection_(set_theory),Intersection (set theory),506
https://en.wikipedia.org/wiki/Partition_of_a_set,Partition of a set,507
https://en.wikipedia.org/wiki/Subset,Subset,508
https://en.wikipedia.org/wiki/Union_(set_theory),Union (set theory),509
https://en.wikipedia.org/wiki/Universe_(mathematics),Universe (mathematics),510
https://en.wikipedia.org/wiki/Tuple,Tuple,511
https://en.wikipedia.org/wiki/Cartesian_product,Cartesian product,512
https://en.wikipedia.org/wiki/Ordered_pair,Ordered pair,513
https://en.wikipedia.org/wiki/Multiset,Multiset,514
https://en.wikipedia.org/wiki/Pointed_set,Pointed set,515
https://en.wikipedia.org/wiki/Binary_relation,Binary relation,516
https://en.wikipedia.org/wiki/Reflexive_relation,Reflexive relation,517
https://en.wikipedia.org/wiki/Symmetric_relation,Symmetric relation,518
https://en.wikipedia.org/wiki/Transitive_relation,Transitive relation,519
https://en.wikipedia.org/wiki/Equivalence_relation,Equivalence relation,520
https://en.wikipedia.org/wiki/Class_(set_theory),Class (set theory),521
https://en.wikipedia.org/wiki/Indexed_family,Indexed family,522
https://en.wikipedia.org/wiki/Cardinality,Cardinality,523
https://en.wikipedia.org/wiki/Aleph_number,Aleph number,524
https://en.wikipedia.org/wiki/Cantor%27s_theorem,Cantor's theorem,525
https://en.wikipedia.org/wiki/Cantor%27s_diagonal_argument,Cantor's diagonal argument,526
https://en.wikipedia.org/wiki/Cardinality_of_the_continuum,Cardinality of the continuum,527
https://en.wikipedia.org/wiki/Continuum_hypothesis,Continuum hypothesis,528
https://en.wikipedia.org/wiki/Forcing_(mathematics),Forcing (mathematics),529
https://en.wikipedia.org/wiki/Power_set,Power set,530
https://en.wikipedia.org/wiki/Ordinal_number,Ordinal number,531
https://en.wikipedia.org/wiki/Transfinite_induction,Transfinite induction,532
https://en.wikipedia.org/wiki/Von_Neumann_universe,Von Neumann universe,533
https://en.wikipedia.org/wiki/Axiomatic_system,Axiomatic system,534
https://en.wikipedia.org/wiki/Zermelo%E2%80%93Fraenkel_set_theory,Zermelo–Fraenkel set theory,535
https://en.wikipedia.org/wiki/Axiom_of_extensionality,Axiom of extensionality,536
https://en.wikipedia.org/wiki/Axiom_of_regularity,Axiom of regularity,537
https://en.wikipedia.org/wiki/Axiom_schema_of_specification,Axiom schema of specification,538
https://en.wikipedia.org/wiki/Axiom_of_pairing,Axiom of pairing,539
https://en.wikipedia.org/wiki/Axiom_of_union,Axiom of union,540
https://en.wikipedia.org/wiki/Axiom_schema_of_replacement,Axiom schema of replacement,541
https://en.wikipedia.org/wiki/Axiom_of_infinity,Axiom of infinity,542
https://en.wikipedia.org/wiki/Axiom_of_power_set,Axiom of power set,543
https://en.wikipedia.org/wiki/Axiom_of_choice,Axiom of choice,544
https://en.wikipedia.org/wiki/Banach%E2%80%93Tarski_paradox,Banach–Tarski paradox,545
https://en.wikipedia.org/wiki/Well-ordering_theorem,Well-ordering theorem,546
https://en.wikipedia.org/wiki/Zorn%27s_lemma,Zorn's lemma,547
https://en.wikipedia.org/wiki/New_Foundations,New Foundations,548
https://en.wikipedia.org/wiki/Peano_axioms,Peano axioms,549
https://en.wikipedia.org/wiki/Mathematical_induction,Mathematical induction,550
https://en.wikipedia.org/wiki/Hilbert%27s_axioms,Hilbert's axioms,551
https://en.wikipedia.org/wiki/Tarski%27s_axioms,Tarski's axioms,552
https://en.wikipedia.org/wiki/Computability_theory,Computability theory,553
https://en.wikipedia.org/wiki/Church%E2%80%93Turing_thesis,Church–Turing thesis,554
https://en.wikipedia.org/wiki/Model_of_computation,Model of computation,555
https://en.wikipedia.org/wiki/Combinatory_logic,Combinatory logic,556
https://en.wikipedia.org/wiki/Lambda_calculus,Lambda calculus,557
https://en.wikipedia.org/wiki/Turing_machine,Turing machine,558
https://en.wikipedia.org/wiki/Computable_function,Computable function,559
https://en.wikipedia.org/wiki/General_recursive_function,General recursive function,560
https://en.wikipedia.org/wiki/Primitive_recursive_function,Primitive recursive function,561
https://en.wikipedia.org/wiki/%CE%9C_operator,Μ operator,562
https://en.wikipedia.org/wiki/G%C3%B6del_numbering,Gödel numbering,563
https://en.wikipedia.org/wiki/G%C3%B6del%27s_incompleteness_theorems,Gödel's incompleteness theorems,564
https://en.wikipedia.org/wiki/UTM_theorem,UTM theorem,565
https://en.wikipedia.org/wiki/Decision_problem,Decision problem,566
https://en.wikipedia.org/wiki/Entscheidungsproblem,Entscheidungsproblem,567
https://en.wikipedia.org/wiki/Halting_problem,Halting problem,568
https://en.wikipedia.org/wiki/Rice%27s_theorem,Rice's theorem,569
https://en.wikipedia.org/wiki/Turing%27s_proof,Turing's proof,570
https://en.wikipedia.org/wiki/Universal_Turing_machine,Universal Turing machine,571
https://en.wikipedia.org/wiki/Recursively_enumerable_set,Recursively enumerable set,572
https://en.wikipedia.org/wiki/Recursive_set,Recursive set,573
https://en.wikipedia.org/wiki/Recursively_inseparable_sets,Recursively inseparable sets,574
https://en.wikipedia.org/wiki/Oracle_machine,Oracle machine,575
https://en.wikipedia.org/wiki/Turing_reduction,Turing reduction,576
https://en.wikipedia.org/wiki/Many-one_reduction,Many-one reduction,577
https://en.wikipedia.org/wiki/Turing_degree,Turing degree,578
https://en.wikipedia.org/wiki/Model_theory,Model theory,579
https://en.wikipedia.org/wiki/Compactness_theorem,Compactness theorem,580
https://en.wikipedia.org/wiki/G%C3%B6del%27s_completeness_theorem,Gödel's completeness theorem,581
https://en.wikipedia.org/wiki/L%C3%B6wenheim%E2%80%93Skolem_theorem,Löwenheim–Skolem theorem,582
https://en.wikipedia.org/wiki/Skolem%27s_paradox,Skolem's paradox,583
https://en.wikipedia.org/wiki/Structure_(mathematical_logic),Structure (mathematical logic),584
https://en.wikipedia.org/wiki/Elementary_equivalence,Elementary equivalence,585
https://en.wikipedia.org/wiki/Interpretation_(model_theory),Interpretation (model theory),586
https://en.wikipedia.org/wiki/Reduct,Reduct,587
https://en.wikipedia.org/wiki/Saturated_model,Saturated model,588
https://en.wikipedia.org/wiki/Signature_(logic),Signature (logic),589
https://en.wikipedia.org/wiki/Transfer_principle,Transfer principle,590
https://en.wikipedia.org/wiki/Type_(model_theory),Type (model theory),591
https://en.wikipedia.org/wiki/Ultraproduct,Ultraproduct,592
https://en.wikipedia.org/wiki/Theory_(mathematical_logic),Theory (mathematical logic),593
https://en.wikipedia.org/wiki/Amalgamation_property,Amalgamation property,594
https://en.wikipedia.org/wiki/Model_complete_theory,Model complete theory,595
https://en.wikipedia.org/wiki/Quantifier_elimination,Quantifier elimination,596
https://en.wikipedia.org/wiki/Stable_theory,Stable theory,597
https://en.wikipedia.org/wiki/Category_theory,Category theory,598
https://en.wikipedia.org/wiki/Commutative_diagram,Commutative diagram,599
https://en.wikipedia.org/wiki/Five_lemma,Five lemma,600
https://en.wikipedia.org/wiki/Nine_lemma,Nine lemma,601
https://en.wikipedia.org/wiki/Snake_lemma,Snake lemma,602
https://en.wikipedia.org/wiki/Morphism,Morphism,603
https://en.wikipedia.org/wiki/Category_(mathematics),Category (mathematics),604
https://en.wikipedia.org/wiki/Cartesian_closed_category,Cartesian closed category,605
https://en.wikipedia.org/wiki/Comma_category,Comma category,606
https://en.wikipedia.org/wiki/Concrete_category,Concrete category,607
https://en.wikipedia.org/wiki/Opposite_category,Opposite category,608
https://en.wikipedia.org/wiki/Subcategory,Subcategory,609
https://en.wikipedia.org/wiki/Functor,Functor,610
https://en.wikipedia.org/wiki/Adjoint_functors,Adjoint functors,611
https://en.wikipedia.org/wiki/Forgetful_functor,Forgetful functor,612
https://en.wikipedia.org/wiki/Hom_functor,Hom functor,613
https://en.wikipedia.org/wiki/Yoneda_lemma,Yoneda lemma,614
https://en.wikipedia.org/wiki/Universal_property,Universal property,615
https://en.wikipedia.org/wiki/Free_object,Free object,616
https://en.wikipedia.org/wiki/Limit_(category_theory),Limit (category theory),617
https://en.wikipedia.org/wiki/Coproduct,Coproduct,618
https://en.wikipedia.org/wiki/Initial_and_terminal_objects,Initial and terminal objects,619
https://en.wikipedia.org/wiki/Kan_extension,Kan extension,620
https://en.wikipedia.org/wiki/Product_(category_theory),Product (category theory),621
https://en.wikipedia.org/wiki/Pullback_(category_theory),Pullback (category theory),622
https://en.wikipedia.org/wiki/Pushout_(category_theory),Pushout (category theory),623
https://en.wikipedia.org/wiki/Monad_(category_theory),Monad (category theory),624
https://en.wikipedia.org/wiki/Natural_transformation,Natural transformation,625
https://en.wikipedia.org/wiki/Discrete_mathematics,Discrete mathematics,626
https://en.wikipedia.org/wiki/Combinatorics,Combinatorics,627
https://en.wikipedia.org/wiki/Algebraic_combinatorics,Algebraic combinatorics,628
https://en.wikipedia.org/wiki/Enumerative_combinatorics,Enumerative combinatorics,629
https://en.wikipedia.org/wiki/Ramsey_theory,Ramsey theory,630
https://en.wikipedia.org/wiki/Combinatorial_principles,Combinatorial principles,631
https://en.wikipedia.org/wiki/Rule_of_sum,Rule of sum,632
https://en.wikipedia.org/wiki/Rule_of_product,Rule of product,633
https://en.wikipedia.org/wiki/Rule_of_division_(combinatorics),Rule of division (combinatorics),634
https://en.wikipedia.org/wiki/Inclusion%E2%80%93exclusion_principle,Inclusion–exclusion principle,635
https://en.wikipedia.org/wiki/Pigeonhole_principle,Pigeonhole principle,636
https://en.wikipedia.org/wiki/Double_counting_(proof_technique),Double counting (proof technique),637
https://en.wikipedia.org/wiki/Method_of_distinguished_element,Method of distinguished element,638
https://en.wikipedia.org/wiki/Twelvefold_way,Twelvefold way,639
https://en.wikipedia.org/wiki/Combination,Combination,640
https://en.wikipedia.org/wiki/Binomial_coefficient,Binomial coefficient,641
https://en.wikipedia.org/wiki/Pascal%27s_triangle,Pascal's triangle,642
https://en.wikipedia.org/wiki/Permutation,Permutation,643
https://en.wikipedia.org/wiki/Partial_permutation,Partial permutation,644
https://en.wikipedia.org/wiki/Stirling_number,Stirling number,645
https://en.wikipedia.org/wiki/Stirling_numbers_of_the_first_kind,Stirling numbers of the first kind,646
https://en.wikipedia.org/wiki/Stirling_numbers_of_the_second_kind,Stirling numbers of the second kind,647
https://en.wikipedia.org/wiki/Lah_number,Lah number,648
https://en.wikipedia.org/wiki/Latin_square,Latin square,649
https://en.wikipedia.org/wiki/Mutually_orthogonal_Latin_squares,Mutually orthogonal Latin squares,650
https://en.wikipedia.org/wiki/Graph_theory,Graph theory,651
https://en.wikipedia.org/wiki/Graph_(discrete_mathematics),Graph (discrete mathematics),652
https://en.wikipedia.org/wiki/Complete_graph,Complete graph,653
https://en.wikipedia.org/wiki/Degree_(graph_theory),Degree (graph theory),654
https://en.wikipedia.org/wiki/Directed_graph,Directed graph,655
https://en.wikipedia.org/wiki/Gain_graph,Gain graph,656
https://en.wikipedia.org/wiki/Multigraph,Multigraph,657
https://en.wikipedia.org/wiki/Hypergraph,Hypergraph,658
https://en.wikipedia.org/wiki/Clique_(graph_theory),Clique (graph theory),659
https://en.wikipedia.org/wiki/Bipartite_graph,Bipartite graph,660
https://en.wikipedia.org/wiki/Clique_problem,Clique problem,661
https://en.wikipedia.org/wiki/Graph_coloring,Graph coloring,662
https://en.wikipedia.org/wiki/Chromatic_polynomial,Chromatic polynomial,663
https://en.wikipedia.org/wiki/Four_color_theorem,Four color theorem,664
https://en.wikipedia.org/wiki/Vizing%27s_theorem,Vizing's theorem,665
https://en.wikipedia.org/wiki/Regular_graph,Regular graph,666
https://en.wikipedia.org/wiki/Cage_(graph_theory),Cage (graph theory),667
https://en.wikipedia.org/wiki/Coxeter_graph,Coxeter graph,668
https://en.wikipedia.org/wiki/Connectivity_(graph_theory),Connectivity (graph theory),669
https://en.wikipedia.org/wiki/Bridge_(graph_theory),Bridge (graph theory),670
https://en.wikipedia.org/wiki/Component_(graph_theory),Component (graph theory),671
https://en.wikipedia.org/wiki/Tree_(graph_theory),Tree (graph theory),672
https://en.wikipedia.org/wiki/Kruskal%27s_algorithm,Kruskal's algorithm,673
https://en.wikipedia.org/wiki/Prim%27s_algorithm,Prim's algorithm,674
https://en.wikipedia.org/wiki/Flow_network,Flow network,675
https://en.wikipedia.org/wiki/Circulation_problem,Circulation problem,676
https://en.wikipedia.org/wiki/Ford%E2%80%93Fulkerson_algorithm,Ford–Fulkerson algorithm,677
https://en.wikipedia.org/wiki/Max-flow_min-cut_theorem,Max-flow min-cut theorem,678
https://en.wikipedia.org/wiki/Maximum_flow_problem,Maximum flow problem,679
https://en.wikipedia.org/wiki/Minimum-cost_flow_problem,Minimum-cost flow problem,680
https://en.wikipedia.org/wiki/Multi-commodity_flow_problem,Multi-commodity flow problem,681
https://en.wikipedia.org/wiki/Push%E2%80%93relabel_maximum_flow_algorithm,Push–relabel maximum flow algorithm,682
https://en.wikipedia.org/wiki/Nowhere-zero_flow,Nowhere-zero flow,683
https://en.wikipedia.org/wiki/Graph_homomorphism,Graph homomorphism,684
https://en.wikipedia.org/wiki/Edge_contraction,Edge contraction,685
https://en.wikipedia.org/wiki/Deletion%E2%80%93contraction_formula,Deletion–contraction formula,686
https://en.wikipedia.org/wiki/Graph_minor,Graph minor,687
https://en.wikipedia.org/wiki/Graph_automorphism,Graph automorphism,688
https://en.wikipedia.org/wiki/Cayley_graph,Cayley graph,689
https://en.wikipedia.org/wiki/Graph_isomorphism,Graph isomorphism,690
https://en.wikipedia.org/wiki/Graph_isomorphism_problem,Graph isomorphism problem,691
https://en.wikipedia.org/wiki/Homeomorphism_(graph_theory),Homeomorphism (graph theory),692
https://en.wikipedia.org/wiki/Intersection_graph,Intersection graph,693
https://en.wikipedia.org/wiki/Line_graph,Line graph,694
https://en.wikipedia.org/wiki/Matching_(graph_theory),Matching (graph theory),695
https://en.wikipedia.org/wiki/Matching_polynomial,Matching polynomial,696
https://en.wikipedia.org/wiki/Hosoya_index,Hosoya index,697
https://en.wikipedia.org/wiki/Maximum_cardinality_matching,Maximum cardinality matching,698
https://en.wikipedia.org/wiki/Blossom_algorithm,Blossom algorithm,699
https://en.wikipedia.org/wiki/Hopcroft%E2%80%93Karp_algorithm,Hopcroft–Karp algorithm,700
https://en.wikipedia.org/wiki/K%C5%91nig%27s_theorem_(graph_theory),Kőnig's theorem (graph theory),701
https://en.wikipedia.org/wiki/Tutte%E2%80%93Berge_formula,Tutte–Berge formula,702
https://en.wikipedia.org/wiki/Vertex_cover,Vertex cover,703
https://en.wikipedia.org/wiki/Rainbow_matching,Rainbow matching,704
https://en.wikipedia.org/wiki/Edge_cover,Edge cover,705
https://en.wikipedia.org/wiki/Perfect_matching,Perfect matching,706
https://en.wikipedia.org/wiki/FKT_algorithm,FKT algorithm,707
https://en.wikipedia.org/wiki/Path_(graph_theory),Path (graph theory),708
https://en.wikipedia.org/wiki/Cycle_(graph_theory),Cycle (graph theory),709
https://en.wikipedia.org/wiki/Girth_(graph_theory),Girth (graph theory),710
https://en.wikipedia.org/wiki/Eulerian_path,Eulerian path,711
https://en.wikipedia.org/wiki/BEST_theorem,BEST theorem,712
https://en.wikipedia.org/wiki/Handshaking_lemma,Handshaking lemma,713
https://en.wikipedia.org/wiki/Seven_Bridges_of_K%C3%B6nigsberg,Seven Bridges of Königsberg,714
https://en.wikipedia.org/wiki/Hamiltonian_path,Hamiltonian path,715
https://en.wikipedia.org/wiki/Hamiltonian_path_problem,Hamiltonian path problem,716
https://en.wikipedia.org/wiki/Held%E2%80%93Karp_algorithm,Held–Karp algorithm,717
https://en.wikipedia.org/wiki/Herschel_graph,Herschel graph,718
https://en.wikipedia.org/wiki/Lov%C3%A1sz_conjecture,Lovász conjecture,719
https://en.wikipedia.org/wiki/Tait%27s_conjecture,Tait's conjecture,720
https://en.wikipedia.org/wiki/Travelling_salesman_problem,Travelling salesman problem,721
https://en.wikipedia.org/wiki/Shortest_path_problem,Shortest path problem,722
https://en.wikipedia.org/wiki/Bellman%E2%80%93Ford_algorithm,Bellman–Ford algorithm,723
https://en.wikipedia.org/wiki/Dijkstra%27s_algorithm,Dijkstra's algorithm,724
https://en.wikipedia.org/wiki/Floyd%E2%80%93Warshall_algorithm,Floyd–Warshall algorithm,725
https://en.wikipedia.org/wiki/Planar_graph,Planar graph,726
https://en.wikipedia.org/wiki/Crossing_number_(graph_theory),Crossing number (graph theory),727
https://en.wikipedia.org/wiki/Crossing_number_inequality,Crossing number inequality,728
https://en.wikipedia.org/wiki/Three_utilities_problem,Three utilities problem,729
https://en.wikipedia.org/wiki/Tur%C3%A1n%27s_brick_factory_problem,Turán's brick factory problem,730
https://en.wikipedia.org/wiki/Planarization,Planarization,731
https://en.wikipedia.org/wiki/Kuratowski%27s_theorem,Kuratowski's theorem,732
https://en.wikipedia.org/wiki/Snark_(graph_theory),Snark (graph theory),733
https://en.wikipedia.org/wiki/Generalized_Petersen_graph,Generalized Petersen graph,734
https://en.wikipedia.org/wiki/D%C3%BCrer_graph,Dürer graph,735
https://en.wikipedia.org/wiki/Petersen_graph,Petersen graph,736
https://en.wikipedia.org/wiki/Spectral_graph_theory,Spectral graph theory,737
https://en.wikipedia.org/wiki/Adjacency_matrix,Adjacency matrix,738
https://en.wikipedia.org/wiki/Degree_matrix,Degree matrix,739
https://en.wikipedia.org/wiki/Laplacian_matrix,Laplacian matrix,740
https://en.wikipedia.org/wiki/Order_theory,Order theory,741
https://en.wikipedia.org/wiki/Domain_theory,Domain theory,742
https://en.wikipedia.org/wiki/Upper_and_lower_bounds,Upper and lower bounds,743
https://en.wikipedia.org/wiki/Greatest_element_and_least_element,Greatest element and least element,744
https://en.wikipedia.org/wiki/Infimum_and_supremum,Infimum and supremum,745
https://en.wikipedia.org/wiki/Preorder,Preorder,746
https://en.wikipedia.org/wiki/Partially_ordered_set,Partially ordered set,747
https://en.wikipedia.org/wiki/Antisymmetric_relation,Antisymmetric relation,748
https://en.wikipedia.org/wiki/Comparability,Comparability,749
https://en.wikipedia.org/wiki/Antichain,Antichain,750
https://en.wikipedia.org/wiki/Covering_relation,Covering relation,751
https://en.wikipedia.org/wiki/Hasse_diagram,Hasse diagram,752
https://en.wikipedia.org/wiki/Duality_(order_theory),Duality (order theory),753
https://en.wikipedia.org/wiki/Filter_(mathematics),Filter (mathematics),754
https://en.wikipedia.org/wiki/Ultrafilter,Ultrafilter,755
https://en.wikipedia.org/wiki/Ideal_(order_theory),Ideal (order theory),756
https://en.wikipedia.org/wiki/Lattice_(order),Lattice (order),757
https://en.wikipedia.org/wiki/Boolean_algebra_(structure),Boolean algebra (structure),758
https://en.wikipedia.org/wiki/Join_and_meet,Join and meet,759
https://en.wikipedia.org/wiki/Stable_marriage_problem,Stable marriage problem,760
https://en.wikipedia.org/wiki/Gale%E2%80%93Shapley_algorithm,Gale–Shapley algorithm,761
https://en.wikipedia.org/wiki/Stable_roommates_problem,Stable roommates problem,762
https://en.wikipedia.org/wiki/Total_order,Total order,763
https://en.wikipedia.org/wiki/Connex_relation,Connex relation,764
https://en.wikipedia.org/wiki/Well-order,Well-order,765
https://en.wikipedia.org/wiki/Well-founded_relation,Well-founded relation,766
https://en.wikipedia.org/wiki/Calculus,Calculus,767
https://en.wikipedia.org/wiki/Limit_(mathematics),Limit (mathematics),768
https://en.wikipedia.org/wiki/Infinity,Infinity,769
"https://en.wikipedia.org/wiki/(%CE%B5,_%CE%B4)-definition_of_limit","(ε, δ)-definition of limit",770
https://en.wikipedia.org/wiki/Indeterminate_form,Indeterminate form,771
https://en.wikipedia.org/wiki/Fundamental_theorem_of_calculus,Fundamental theorem of calculus,772
https://en.wikipedia.org/wiki/Continuous_function,Continuous function,773
https://en.wikipedia.org/wiki/Infinitesimal,Infinitesimal,774
https://en.wikipedia.org/wiki/Differential_(infinitesimal),Differential (infinitesimal),775
https://en.wikipedia.org/wiki/Series_expansion,Series expansion,776
https://en.wikipedia.org/wiki/Linear_approximation,Linear approximation,777
https://en.wikipedia.org/wiki/Linearization,Linearization,778
https://en.wikipedia.org/wiki/Differential_calculus,Differential calculus,779
https://en.wikipedia.org/wiki/Differentiable_function,Differentiable function,780
https://en.wikipedia.org/wiki/Differential_operator,Differential operator,781
https://en.wikipedia.org/wiki/Derivative,Derivative,782
https://en.wikipedia.org/wiki/Second_derivative,Second derivative,783
https://en.wikipedia.org/wiki/Differentiation_rules,Differentiation rules,784
https://en.wikipedia.org/wiki/Product_rule,Product rule,785
https://en.wikipedia.org/wiki/Chain_rule,Chain rule,786
https://en.wikipedia.org/wiki/Power_rule,Power rule,787
https://en.wikipedia.org/wiki/Differentiation_of_trigonometric_functions,Differentiation of trigonometric functions,788
https://en.wikipedia.org/wiki/L%27H%C3%B4pital%27s_rule,L'Hôpital's rule,789
https://en.wikipedia.org/wiki/Taylor%27s_theorem,Taylor's theorem,790
https://en.wikipedia.org/wiki/Related_rates,Related rates,791
https://en.wikipedia.org/wiki/Integral,Integral,792
https://en.wikipedia.org/wiki/Antiderivative,Antiderivative,793
https://en.wikipedia.org/wiki/Lebesgue_integration,Lebesgue integration,794
https://en.wikipedia.org/wiki/Numerical_integration,Numerical integration,795
https://en.wikipedia.org/wiki/Riemann_integral,Riemann integral,796
https://en.wikipedia.org/wiki/Constant_of_integration,Constant of integration,797
https://en.wikipedia.org/wiki/Improper_integral,Improper integral,798
https://en.wikipedia.org/wiki/Integration_by_parts,Integration by parts,799
https://en.wikipedia.org/wiki/Integration_by_substitution,Integration by substitution,800
https://en.wikipedia.org/wiki/Limits_of_integration,Limits of integration,801
https://en.wikipedia.org/wiki/Riemann_sum,Riemann sum,802
https://en.wikipedia.org/wiki/Multivariable_calculus,Multivariable calculus,803
https://en.wikipedia.org/wiki/Vector_calculus,Vector calculus,804
https://en.wikipedia.org/wiki/Tensor_calculus,Tensor calculus,805
https://en.wikipedia.org/wiki/Multiple_integral,Multiple integral,806
https://en.wikipedia.org/wiki/Iterated_integral,Iterated integral,807
https://en.wikipedia.org/wiki/Partial_derivative,Partial derivative,808
https://en.wikipedia.org/wiki/Total_derivative,Total derivative,809
https://en.wikipedia.org/wiki/Directional_derivative,Directional derivative,810
https://en.wikipedia.org/wiki/Differential_form,Differential form,811
https://en.wikipedia.org/wiki/Vector_field,Vector field,812
https://en.wikipedia.org/wiki/Conservative_vector_field,Conservative vector field,813
https://en.wikipedia.org/wiki/Solenoidal_vector_field,Solenoidal vector field,814
https://en.wikipedia.org/wiki/Del,Del,815
https://en.wikipedia.org/wiki/Gradient,Gradient,816
https://en.wikipedia.org/wiki/Divergence,Divergence,817
https://en.wikipedia.org/wiki/Curl_(mathematics),Curl (mathematics),818
https://en.wikipedia.org/wiki/Laplace_operator,Laplace operator,819
https://en.wikipedia.org/wiki/Poisson%27s_equation,Poisson's equation,820
https://en.wikipedia.org/wiki/Laplace%27s_equation,Laplace's equation,821
https://en.wikipedia.org/wiki/Line_integral,Line integral,822
https://en.wikipedia.org/wiki/Surface_integral,Surface integral,823
https://en.wikipedia.org/wiki/Volume_integral,Volume integral,824
https://en.wikipedia.org/wiki/Stokes%27_theorem,Stokes' theorem,829
https://en.wikipedia.org/wiki/Green%27s_theorem,Green's theorem,826
https://en.wikipedia.org/wiki/Gradient_theorem,Gradient theorem,827
https://en.wikipedia.org/wiki/Divergence_theorem,Divergence theorem,828
https://en.wikipedia.org/wiki/Stokes%27_theorem,Stokes' theorem,829
https://en.wikipedia.org/wiki/Jacobian_matrix_and_determinant,Jacobian matrix and determinant,830
https://en.wikipedia.org/wiki/Lagrange_multiplier,Lagrange multiplier,831
https://en.wikipedia.org/wiki/Helmholtz_decomposition,Helmholtz decomposition,832
https://en.wikipedia.org/wiki/Differential_equation,Differential equation,833
https://en.wikipedia.org/wiki/Ordinary_differential_equation,Ordinary differential equation,834
https://en.wikipedia.org/wiki/Partial_differential_equation,Partial differential equation,835
https://en.wikipedia.org/wiki/Parabolic_partial_differential_equation,Parabolic partial differential equation,836
https://en.wikipedia.org/wiki/Hyperbolic_partial_differential_equation,Hyperbolic partial differential equation,837
https://en.wikipedia.org/wiki/Elliptic_partial_differential_equation,Elliptic partial differential equation,838
https://en.wikipedia.org/wiki/Linear_differential_equation,Linear differential equation,839
https://en.wikipedia.org/wiki/Homogeneous_differential_equation,Homogeneous differential equation,840
https://en.wikipedia.org/wiki/Boundary_value_problem,Boundary value problem,841
https://en.wikipedia.org/wiki/Separation_of_variables,Separation of variables,842
https://en.wikipedia.org/wiki/Integrating_factor,Integrating factor,843
https://en.wikipedia.org/wiki/Power_series_solution_of_differential_equations,Power series solution of differential equations,844
https://en.wikipedia.org/wiki/Change_of_variables_(PDE),Change of variables (PDE),845
https://en.wikipedia.org/wiki/Numerical_methods_for_ordinary_differential_equations,Numerical methods for ordinary differential equations,846
https://en.wikipedia.org/wiki/Euler_method,Euler method,847
https://en.wikipedia.org/wiki/Runge%E2%80%93Kutta_methods,Runge–Kutta methods,848
https://en.wikipedia.org/wiki/Shooting_method,Shooting method,849
https://en.wikipedia.org/wiki/Numerical_methods_for_partial_differential_equations,Numerical methods for partial differential equations,850
https://en.wikipedia.org/wiki/Crank%E2%80%93Nicolson_method,Crank–Nicolson method,851
https://en.wikipedia.org/wiki/Finite_element_method,Finite element method,852
https://en.wikipedia.org/wiki/Method_of_lines,Method of lines,853
https://en.wikipedia.org/wiki/Dirichlet_problem,Dirichlet problem,854
https://en.wikipedia.org/wiki/Elliptic_operator,Elliptic operator,855
https://en.wikipedia.org/wiki/System_of_differential_equations,System of differential equations,856
https://en.wikipedia.org/wiki/Dynamical_systems_theory,Dynamical systems theory,857
https://en.wikipedia.org/wiki/Dynamical_system,Dynamical system,858
https://en.wikipedia.org/wiki/Linear_dynamical_system,Linear dynamical system,859
https://en.wikipedia.org/wiki/Nonlinear_system,Nonlinear system,860
https://en.wikipedia.org/wiki/Phase_space,Phase space,861
https://en.wikipedia.org/wiki/Stability_theory,Stability theory,862
https://en.wikipedia.org/wiki/Control_theory,Control theory,863
https://en.wikipedia.org/wiki/Chaos_theory,Chaos theory,864
https://en.wikipedia.org/wiki/Bifurcation_theory,Bifurcation theory,865
https://en.wikipedia.org/wiki/Butterfly_effect,Butterfly effect,866
https://en.wikipedia.org/wiki/Edge_of_chaos,Edge of chaos,867
https://en.wikipedia.org/wiki/Multibody_system,Multibody system,868
https://en.wikipedia.org/wiki/Three-body_problem,Three-body problem,869
https://en.wikipedia.org/wiki/Initial_condition,Initial condition,870
https://en.wikipedia.org/wiki/Conserved_quantity,Conserved quantity,871
https://en.wikipedia.org/wiki/Dynamic_simulation,Dynamic simulation,872
https://en.wikipedia.org/wiki/Flow_(mathematics),Flow (mathematics),873
https://en.wikipedia.org/wiki/Lyapunov_exponent,Lyapunov exponent,874
https://en.wikipedia.org/wiki/Attractor,Attractor,875
https://en.wikipedia.org/wiki/Limit_cycle,Limit cycle,876
https://en.wikipedia.org/wiki/Sequence,Sequence,877
https://en.wikipedia.org/wiki/Limit_of_a_sequence,Limit of a sequence,878
https://en.wikipedia.org/wiki/Generating_function,Generating function,879
https://en.wikipedia.org/wiki/Series_(mathematics),Series (mathematics),880
https://en.wikipedia.org/wiki/Taylor_series,Taylor series,881
https://en.wikipedia.org/wiki/Laurent_series,Laurent series,882
https://en.wikipedia.org/wiki/Convergent_series,Convergent series,883
https://en.wikipedia.org/wiki/Absolute_convergence,Absolute convergence,884
https://en.wikipedia.org/wiki/Convergence_tests,Convergence tests,885
https://en.wikipedia.org/wiki/Radius_of_convergence,Radius of convergence,886
https://en.wikipedia.org/wiki/Divergent_series,Divergent series,887
https://en.wikipedia.org/wiki/Geometric_series,Geometric series,888
https://en.wikipedia.org/wiki/Power_series,Power series,889
https://en.wikipedia.org/wiki/Dirichlet_series,Dirichlet series,890
https://en.wikipedia.org/wiki/Binomial_series,Binomial series,891
https://en.wikipedia.org/wiki/Harmonic_series_(mathematics),Harmonic series (mathematics),892
https://en.wikipedia.org/wiki/Multipole_expansion,Multipole expansion,893
https://en.wikipedia.org/wiki/Mathematical_analysis,Mathematical analysis,894
https://en.wikipedia.org/wiki/Approximation_theory,Approximation theory,895
https://en.wikipedia.org/wiki/Numerical_analysis,Numerical analysis,896
https://en.wikipedia.org/wiki/Functional_analysis,Functional analysis,897
https://en.wikipedia.org/wiki/Hilbert_space,Hilbert space,898
https://en.wikipedia.org/wiki/Measure_(mathematics),Measure (mathematics),899
https://en.wikipedia.org/wiki/Calculus_of_variations,Calculus of variations,900
https://en.wikipedia.org/wiki/Asymptotic_analysis,Asymptotic analysis,901
https://en.wikipedia.org/wiki/Asymptote,Asymptote,902
https://en.wikipedia.org/wiki/Interpolation,Interpolation,903
https://en.wikipedia.org/wiki/Real_analysis,Real analysis,904
https://en.wikipedia.org/wiki/Real_line,Real line,905
https://en.wikipedia.org/wiki/Extended_real_number_line,Extended real number line,906
https://en.wikipedia.org/wiki/Extreme_value_theorem,Extreme value theorem,907
https://en.wikipedia.org/wiki/Intermediate_value_theorem,Intermediate value theorem,908
https://en.wikipedia.org/wiki/Root-finding_algorithms,Root-finding algorithms,909
https://en.wikipedia.org/wiki/Newton%27s_method,Newton's method,910
https://en.wikipedia.org/wiki/Bisection_method,Bisection method,911
https://en.wikipedia.org/wiki/Regula_falsi,Regula falsi,912
https://en.wikipedia.org/wiki/Secant_method,Secant method,913
https://en.wikipedia.org/wiki/Mean_value_theorem,Mean value theorem,914
https://en.wikipedia.org/wiki/Squeeze_theorem,Squeeze theorem,915
https://en.wikipedia.org/wiki/Complex_analysis,Complex analysis,916
https://en.wikipedia.org/wiki/Complex_plane,Complex plane,917
https://en.wikipedia.org/wiki/Riemann_sphere,Riemann sphere,918
https://en.wikipedia.org/wiki/Contour_integration,Contour integration,919
https://en.wikipedia.org/wiki/Cauchy%27s_integral_formula,Cauchy's integral formula,920
https://en.wikipedia.org/wiki/Euler%27s_formula,Euler's formula,921
https://en.wikipedia.org/wiki/Euler%27s_identity,Euler's identity,922
https://en.wikipedia.org/wiki/Holomorphic_function,Holomorphic function,923
https://en.wikipedia.org/wiki/Riemann_surface,Riemann surface,924
https://en.wikipedia.org/wiki/Liouville%27s_theorem_(complex_analysis),Liouville's theorem (complex analysis),925
https://en.wikipedia.org/wiki/Cauchy%E2%80%93Riemann_equations,Cauchy–Riemann equations,926
https://en.wikipedia.org/wiki/Cauchy_principal_value,Cauchy principal value,927
https://en.wikipedia.org/wiki/Conformal_map,Conformal map,928
https://en.wikipedia.org/wiki/Singularity_(mathematics),Singularity (mathematics),929
https://en.wikipedia.org/wiki/Zeros_and_poles,Zeros and poles,930
https://en.wikipedia.org/wiki/Picard_theorem,Picard theorem,931
https://en.wikipedia.org/wiki/Residue_(complex_analysis),Residue (complex analysis),932
https://en.wikipedia.org/wiki/Residue_theorem,Residue theorem,933
https://en.wikipedia.org/wiki/Branch_point,Branch point,934
https://en.wikipedia.org/wiki/Root_of_unity,Root of unity,935
https://en.wikipedia.org/wiki/Harmonic_analysis,Harmonic analysis,936
https://en.wikipedia.org/wiki/Fourier_analysis,Fourier analysis,937
https://en.wikipedia.org/wiki/Fourier_series,Fourier series,938
https://en.wikipedia.org/wiki/Fourier_transform,Fourier transform,939
https://en.wikipedia.org/wiki/Convolution_theorem,Convolution theorem,940
https://en.wikipedia.org/wiki/Fast_Fourier_transform,Fast Fourier transform,941
https://en.wikipedia.org/wiki/Laplace_transform,Laplace transform,942
https://en.wikipedia.org/wiki/Harmonic_function,Harmonic function,943
https://en.wikipedia.org/wiki/Harmonic_conjugate,Harmonic conjugate,944
https://en.wikipedia.org/wiki/Potential_theory,Potential theory,945
https://en.wikipedia.org/wiki/Number_theory,Number theory,946
https://en.wikipedia.org/wiki/Prime_number,Prime number,947
https://en.wikipedia.org/wiki/Fermat_number,Fermat number,948
https://en.wikipedia.org/wiki/Mersenne_prime,Mersenne prime,949
https://en.wikipedia.org/wiki/Semiprime,Semiprime,950
https://en.wikipedia.org/wiki/Twin_prime,Twin prime,951
https://en.wikipedia.org/wiki/Primality_test,Primality test,952
https://en.wikipedia.org/wiki/AKS_primality_test,AKS primality test,953
https://en.wikipedia.org/wiki/Pseudoprime,Pseudoprime,954
https://en.wikipedia.org/wiki/Sieve_of_Eratosthenes,Sieve of Eratosthenes,955
https://en.wikipedia.org/wiki/Coprime_integers,Coprime integers,956
https://en.wikipedia.org/wiki/Euclid%27s_theorem,Euclid's theorem,957
https://en.wikipedia.org/wiki/Prime_number_theorem,Prime number theorem,958
https://en.wikipedia.org/wiki/Aliquot_sum,Aliquot sum,959
https://en.wikipedia.org/wiki/Perfect_number,Perfect number,960
https://en.wikipedia.org/wiki/Composite_number,Composite number,961
https://en.wikipedia.org/wiki/Fundamental_theorem_of_arithmetic,Fundamental theorem of arithmetic,962
https://en.wikipedia.org/wiki/Highly_composite_number,Highly composite number,963
https://en.wikipedia.org/wiki/Magic_square,Magic square,964
https://en.wikipedia.org/wiki/Partition_(number_theory),Partition (number theory),965
https://en.wikipedia.org/wiki/Goldbach%27s_conjecture,Goldbach's conjecture,966
https://en.wikipedia.org/wiki/Chinese_remainder_theorem,Chinese remainder theorem,967
https://en.wikipedia.org/wiki/Discrete_logarithm,Discrete logarithm,968
https://en.wikipedia.org/wiki/Fermat%27s_little_theorem,Fermat's little theorem,969
https://en.wikipedia.org/wiki/Quadratic_residue,Quadratic residue,970
https://en.wikipedia.org/wiki/Quadratic_reciprocity,Quadratic reciprocity,971
https://en.wikipedia.org/wiki/Legendre_symbol,Legendre symbol,972
https://en.wikipedia.org/wiki/Jacobi_symbol,Jacobi symbol,973
https://en.wikipedia.org/wiki/Wilson%27s_theorem,Wilson's theorem,974
https://en.wikipedia.org/wiki/Arithmetic_progression,Arithmetic progression,975
https://en.wikipedia.org/wiki/Dirichlet%27s_theorem_on_arithmetic_progressions,Dirichlet's theorem on arithmetic progressions,976
https://en.wikipedia.org/wiki/Recurrence_relation,Recurrence relation,977
https://en.wikipedia.org/wiki/Fibonacci_number,Fibonacci number,978
https://en.wikipedia.org/wiki/Telephone_number,Telephone number,979
https://en.wikipedia.org/wiki/Bell_number,Bell number,980
https://en.wikipedia.org/wiki/Catalan_number,Catalan number,981
https://en.wikipedia.org/wiki/Lucky_number,Lucky number,982
https://en.wikipedia.org/wiki/Diophantine_equation,Diophantine equation,983
https://en.wikipedia.org/wiki/Fermat%27s_Last_Theorem,Fermat's Last Theorem,984
https://en.wikipedia.org/wiki/Modularity_theorem,Modularity theorem,985
https://en.wikipedia.org/wiki/Extended_Euclidean_algorithm,Extended Euclidean algorithm,986
https://en.wikipedia.org/wiki/B%C3%A9zout%27s_identity,Bézout's identity,987
https://en.wikipedia.org/wiki/Ku%E1%B9%AD%E1%B9%ADaka,Kuṭṭaka,988
https://en.wikipedia.org/wiki/Algebraic_number_theory,Algebraic number theory,989
https://en.wikipedia.org/wiki/Algebraic_number_field,Algebraic number field,990
https://en.wikipedia.org/wiki/Class_field_theory,Class field theory,991
https://en.wikipedia.org/wiki/Analytic_number_theory,Analytic number theory,992
https://en.wikipedia.org/wiki/Dirichlet_character,Dirichlet character,993
https://en.wikipedia.org/wiki/M%C3%B6bius_inversion_formula,Möbius inversion formula,994
https://en.wikipedia.org/wiki/Riemann_hypothesis,Riemann hypothesis,995
https://en.wikipedia.org/wiki/Game_theory,Game theory,996
https://en.wikipedia.org/wiki/Extensive-form_game,Extensive-form game,997
https://en.wikipedia.org/wiki/Information_set_(game_theory),Information set (game theory),998
https://en.wikipedia.org/wiki/Common_knowledge_(logic),Common knowledge (logic),999
https://en.wikipedia.org/wiki/Perfect_information,Perfect information,1000
https://en.wikipedia.org/wiki/Normal-form_game,Normal-form game,1001
https://en.wikipedia.org/wiki/Battle_of_the_sexes_(game_theory),Battle of the sexes (game theory),1002
https://en.wikipedia.org/wiki/Prisoner%27s_dilemma,Prisoner's dilemma,1003
https://en.wikipedia.org/wiki/Zero-sum_game,Zero-sum game,1004
https://en.wikipedia.org/wiki/Repeated_game,Repeated game,1005
https://en.wikipedia.org/wiki/Strategy_(game_theory),Strategy (game theory),1006
https://en.wikipedia.org/wiki/Minimax,Minimax,1007
https://en.wikipedia.org/wiki/Nash_equilibrium,Nash equilibrium,1008
https://en.wikipedia.org/wiki/Strategic_dominance,Strategic dominance,1009
https://en.wikipedia.org/wiki/Social_choice_theory,Social choice theory,1010
https://en.wikipedia.org/wiki/Condorcet_paradox,Condorcet paradox,1011
https://en.wikipedia.org/wiki/Arrow%27s_impossibility_theorem,Arrow's impossibility theorem,1012
https://en.wikipedia.org/wiki/Information_theory,Information theory,1013
https://en.wikipedia.org/wiki/Entropy_(information_theory),Entropy (information theory),1014
https://en.wikipedia.org/wiki/Coding_theory,Coding theory,1015
https://en.wikipedia.org/wiki/Data_compression,Data compression,1016
https://en.wikipedia.org/wiki/Error_detection_and_correction,Error detection and correction,1017
https://en.wikipedia.org/wiki/Hamming_code,Hamming code,1018
https://en.wikipedia.org/wiki/Reed%E2%80%93Solomon_error_correction,Reed–Solomon error correction,1019
https://en.wikipedia.org/wiki/Mathematical_optimization,Mathematical optimization,1020
https://en.wikipedia.org/wiki/Dynamic_programming,Dynamic programming,1021
https://en.wikipedia.org/wiki/Linear_programming,Linear programming,1022
https://en.wikipedia.org/wiki/Duality_(optimization),Duality (optimization),1023
https://en.wikipedia.org/wiki/Feasible_region,Feasible region,1024
https://en.wikipedia.org/wiki/Ellipsoid_method,Ellipsoid method,1025
https://en.wikipedia.org/wiki/Simplex_algorithm,Simplex algorithm,1026
https://en.wikipedia.org/wiki/Nonlinear_programming,Nonlinear programming,1027
https://en.wikipedia.org/wiki/Karush%E2%80%93Kuhn%E2%80%93Tucker_conditions,Karush–Kuhn–Tucker conditions,1028
https://en.wikipedia.org/wiki/Transportation_theory_(mathematics),Transportation theory (mathematics),1029
https://en.wikipedia.org/wiki/Assignment_problem,Assignment problem,1030
https://en.wikipedia.org/wiki/Hungarian_algorithm,Hungarian algorithm,1031
https://en.wikipedia.org/wiki/Operations_research,Operations research,1032
https://en.wikipedia.org/wiki/Theoretical_computer_science,Theoretical computer science,1033
https://en.wikipedia.org/wiki/Abstract_machine,Abstract machine,1034
https://en.wikipedia.org/wiki/Nondeterministic_Turing_machine,Nondeterministic Turing machine,1035
https://en.wikipedia.org/wiki/Theory_of_computation,Theory of computation,1036
https://en.wikipedia.org/wiki/Algorithm,Algorithm,1037
https://en.wikipedia.org/wiki/Analysis_of_algorithms,Analysis of algorithms,1038
https://en.wikipedia.org/wiki/Big_O_notation,Big O notation,1039
https://en.wikipedia.org/wiki/Deterministic_algorithm,Deterministic algorithm,1040
https://en.wikipedia.org/wiki/Divide-and-conquer_algorithm,Divide-and-conquer algorithm,1041
https://en.wikipedia.org/wiki/Cache_replacement_policies,Cache replacement policies,1042
https://en.wikipedia.org/wiki/Diffie%E2%80%93Hellman_key_exchange,Diffie–Hellman key exchange,1043
https://en.wikipedia.org/wiki/RSA_(cryptosystem),RSA (cryptosystem),1044
https://en.wikipedia.org/wiki/Search_algorithm,Search algorithm,1045
https://en.wikipedia.org/wiki/Binary_search_algorithm,Binary search algorithm,1046
https://en.wikipedia.org/wiki/Breadth-first_search,Breadth-first search,1047
https://en.wikipedia.org/wiki/Brute-force_search,Brute-force search,1048
https://en.wikipedia.org/wiki/Depth-first_search,Depth-first search,1049
https://en.wikipedia.org/wiki/String-searching_algorithm,String-searching algorithm,1050
https://en.wikipedia.org/wiki/Sorting_algorithm,Sorting algorithm,1051
https://en.wikipedia.org/wiki/Bubble_sort,Bubble sort,1052
https://en.wikipedia.org/wiki/Bucket_sort,Bucket sort,1053
https://en.wikipedia.org/wiki/Gnome_sort,Gnome sort,1054
https://en.wikipedia.org/wiki/Heapsort,Heapsort,1055
https://en.wikipedia.org/wiki/Insertion_sort,Insertion sort,1056
https://en.wikipedia.org/wiki/Merge_sort,Merge sort,1057
https://en.wikipedia.org/wiki/Quicksort,Quicksort,1058
https://en.wikipedia.org/wiki/Radix_sort,Radix sort,1059
https://en.wikipedia.org/wiki/Selection_sort,Selection sort,1060
https://en.wikipedia.org/wiki/Shellsort,Shellsort,1061
https://en.wikipedia.org/wiki/Formal_language,Formal language,1062
https://en.wikipedia.org/wiki/Chomsky_hierarchy,Chomsky hierarchy,1063
https://en.wikipedia.org/wiki/Context-free_grammar,Context-free grammar,1064
https://en.wikipedia.org/wiki/Computational_complexity_theory,Computational complexity theory,1065
https://en.wikipedia.org/wiki/Blum_axioms,Blum axioms,1066
https://en.wikipedia.org/wiki/Blum%27s_speedup_theorem,Blum's speedup theorem,1067
https://en.wikipedia.org/wiki/Gap_theorem,Gap theorem,1068
https://en.wikipedia.org/wiki/Constructible_function,Constructible function,1069
https://en.wikipedia.org/wiki/Kolmogorov_complexity,Kolmogorov complexity,1070
https://en.wikipedia.org/wiki/Chain_rule_for_Kolmogorov_complexity,Chain rule for Kolmogorov complexity,1071
https://en.wikipedia.org/wiki/Kolmogorov_structure_function,Kolmogorov structure function,1072
https://en.wikipedia.org/wiki/Space_complexity,Space complexity,1073
https://en.wikipedia.org/wiki/Space_hierarchy_theorem,Space hierarchy theorem,1074
https://en.wikipedia.org/wiki/Time_complexity,Time complexity,1075
https://en.wikipedia.org/wiki/NP_(complexity),NP (complexity),1076
https://en.wikipedia.org/wiki/P_(complexity),P (complexity),1077
https://en.wikipedia.org/wiki/P_versus_NP_problem,P versus NP problem,1078
https://en.wikipedia.org/wiki/Boolean_satisfiability_problem,Boolean satisfiability problem,1079
https://en.wikipedia.org/wiki/NP-hardness,NP-hardness,1080
https://en.wikipedia.org/wiki/Time_hierarchy_theorem,Time hierarchy theorem,1081
https://en.wikipedia.org/wiki/Abstract_data_type,Abstract data type,1082
https://en.wikipedia.org/wiki/Associative_array,Associative array,1083
https://en.wikipedia.org/wiki/Graph_(abstract_data_type),Graph (abstract data type),1084
https://en.wikipedia.org/wiki/Queue_(abstract_data_type),Queue (abstract data type),1085
https://en.wikipedia.org/wiki/Stack_(abstract_data_type),Stack (abstract data type),1086
https://en.wikipedia.org/wiki/Data_structure,Data structure,1087
https://en.wikipedia.org/wiki/Hash_table,Hash table,1088
https://en.wikipedia.org/wiki/Heap_(data_structure),Heap (data structure),1089
https://en.wikipedia.org/wiki/Linked_list,Linked list,1090
https://en.wikipedia.org/wiki/Array_data_structure,Array data structure,1091
https://en.wikipedia.org/wiki/Triangular_array,Triangular array,1092
https://en.wikipedia.org/wiki/Tree_(data_structure),Tree (data structure),1093
https://en.wikipedia.org/wiki/B-tree,B-tree,1094
https://en.wikipedia.org/wiki/Binary_search_tree,Binary search tree,1095
https://en.wikipedia.org/wiki/Red%E2%80%93black_tree,Red–black tree,1096
